hour,category,weighted_pct,stratum,day_type
0,sleeping,0.0,O1,weekday
0,work,0.0,O1,weekday
0,food_prep,0.0,O1,weekday
0,laundry,0.0,O1,weekday
0,tv,0.0,O1,weekday
0,eating,0.0,O1,weekday
0,exercise,0.0,O1,weekday
0,other,0.0,O1,weekday
1,sleeping,0.0,O1,weekday
1,work,0.0,O1,weekday
1,food_prep,0.0,O1,weekday
1,laundry,0.0,O1,weekday
1,tv,0.0,O1,weekday
1,eating,0.0,O1,weekday
1,exercise,0.0,O1,weekday
1,other,0.0,O1,weekday
2,sleeping,0.0,O1,weekday
2,work,0.0,O1,weekday
2,food_prep,0.0,O1,weekday
2,laundry,0.0,O1,weekday
2,tv,0.0,O1,weekday
2,eating,0.0,O1,weekday
2,exercise,0.0,O1,weekday
2,other,0.0,O1,weekday
3,sleeping,0.0,O1,weekday
3,work,0.0,O1,weekday
3,food_prep,0.0,O1,weekday
3,laundry,0.0,O1,weekday
3,tv,0.0,O1,weekday
3,eating,0.0,O1,weekday
3,exercise,0.0,O1,weekday
3,other,0.0,O1,weekday
4,sleeping,89.847,O1,weekday
4,work,2.669,O1,weekday
4,food_prep,0.047,O1,weekday
4,laundry,0.0,O1,weekday
4,tv,0.323,O1,weekday
4,eating,0.515,O1,weekday
4,exercise,0.415,O1,weekday
4,other,6.183,O1,weekday
5,sleeping,75.879,O1,weekday
5,work,5.713,O1,weekday
5,food_prep,0.68,O1,weekday
5,laundry,0.0,O1,weekday
5,tv,0.302,O1,weekday
5,eating,1.005,O1,weekday
5,exercise,1.955,O1,weekday
5,other,14.465,O1,weekday
6,sleeping,53.409,O1,weekday
6,work,15.174,O1,weekday
6,food_prep,0.544,O1,weekday
6,laundry,0.066,O1,weekday
6,tv,0.33,O1,weekday
6,eating,2.032,O1,weekday
6,exercise,0.991,O1,weekday
6,other,27.454,O1,weekday
7,sleeping,34.929,O1,weekday
7,work,28.074,O1,weekday
7,food_prep,0.686,O1,weekday
7,laundry,0.0,O1,weekday
7,tv,0.888,O1,weekday
7,eating,4.527,O1,weekday
7,exercise,1.061,O1,weekday
7,other,29.834,O1,weekday
8,sleeping,20.732,O1,weekday
8,work,51.064,O1,weekday
8,food_prep,1.616,O1,weekday
8,laundry,0.0,O1,weekday
8,tv,0.846,O1,weekday
8,eating,2.419,O1,weekday
8,exercise,1.441,O1,weekday
8,other,21.882,O1,weekday
9,sleeping,11.435,O1,weekday
9,work,62.319,O1,weekday
9,food_prep,1.757,O1,weekday
9,laundry,0.0,O1,weekday
9,tv,2.139,O1,weekday
9,eating,2.405,O1,weekday
9,exercise,1.259,O1,weekday
9,other,18.687,O1,weekday
10,sleeping,6.613,O1,weekday
10,work,66.301,O1,weekday
10,food_prep,1.718,O1,weekday
10,laundry,0.0,O1,weekday
10,tv,2.871,O1,weekday
10,eating,2.236,O1,weekday
10,exercise,0.58,O1,weekday
10,other,19.681,O1,weekday
11,sleeping,4.432,O1,weekday
11,work,63.767,O1,weekday
11,food_prep,2.571,O1,weekday
11,laundry,0.0,O1,weekday
11,tv,1.817,O1,weekday
11,eating,5.561,O1,weekday
11,exercise,0.376,O1,weekday
11,other,21.476,O1,weekday
12,sleeping,4.922,O1,weekday
12,work,52.801,O1,weekday
12,food_prep,1.263,O1,weekday
12,laundry,0.0,O1,weekday
12,tv,2.851,O1,weekday
12,eating,15.931,O1,weekday
12,exercise,0.903,O1,weekday
12,other,21.33,O1,weekday
13,sleeping,5.003,O1,weekday
13,work,64.627,O1,weekday
13,food_prep,1.272,O1,weekday
13,laundry,0.0,O1,weekday
13,tv,1.712,O1,weekday
13,eating,5.46,O1,weekday
13,exercise,1.15,O1,weekday
13,other,20.777,O1,weekday
14,sleeping,4.726,O1,weekday
14,work,65.766,O1,weekday
14,food_prep,0.986,O1,weekday
14,laundry,0.0,O1,weekday
14,tv,2.126,O1,weekday
14,eating,2.841,O1,weekday
14,exercise,1.141,O1,weekday
14,other,22.413,O1,weekday
15,sleeping,4.52,O1,weekday
15,work,57.93,O1,weekday
15,food_prep,1.34,O1,weekday
15,laundry,0.0,O1,weekday
15,tv,1.833,O1,weekday
15,eating,2.633,O1,weekday
15,exercise,1.137,O1,weekday
15,other,30.208,O1,weekday
16,sleeping,4.95,O1,weekday
16,work,45.195,O1,weekday
16,food_prep,1.764,O1,weekday
16,laundry,0.0,O1,weekday
16,tv,2.746,O1,weekday
16,eating,3.878,O1,weekday
16,exercise,1.496,O1,weekday
16,other,39.449,O1,weekday
17,sleeping,4.328,O1,weekday
17,work,25.322,O1,weekday
17,food_prep,2.172,O1,weekday
17,laundry,0.0,O1,weekday
17,tv,3.132,O1,weekday
17,eating,8.212,O1,weekday
17,exercise,3.048,O1,weekday
17,other,52.818,O1,weekday
18,sleeping,3.645,O1,weekday
18,work,15.004,O1,weekday
18,food_prep,2.589,O1,weekday
18,laundry,0.0,O1,weekday
18,tv,3.203,O1,weekday
18,eating,10.631,O1,weekday
18,exercise,4.507,O1,weekday
18,other,58.072,O1,weekday
19,sleeping,3.243,O1,weekday
19,work,12.891,O1,weekday
19,food_prep,1.055,O1,weekday
19,laundry,0.0,O1,weekday
19,tv,2.625,O1,weekday
19,eating,8.637,O1,weekday
19,exercise,5.5,O1,weekday
19,other,59.068,O1,weekday
20,sleeping,1.704,O1,weekday
20,work,9.802,O1,weekday
20,food_prep,1.975,O1,weekday
20,laundry,0.0,O1,weekday
20,tv,2.778,O1,weekday
20,eating,7.699,O1,weekday
20,exercise,1.599,O1,weekday
20,other,60.659,O1,weekday
21,sleeping,2.579,O1,weekday
21,work,6.362,O1,weekday
21,food_prep,0.71,O1,weekday
21,laundry,0.0,O1,weekday
21,tv,1.872,O1,weekday
21,eating,5.021,O1,weekday
21,exercise,0.494,O1,weekday
21,other,50.502,O1,weekday
22,sleeping,1.51,O1,weekday
22,work,4.509,O1,weekday
22,food_prep,0.498,O1,weekday
22,laundry,0.0,O1,weekday
22,tv,1.1,O1,weekday
22,eating,1.253,O1,weekday
22,exercise,0.308,O1,weekday
22,other,27.793,O1,weekday
23,sleeping,0.497,O1,weekday
23,work,0.238,O1,weekday
23,food_prep,0.136,O1,weekday
23,laundry,0.0,O1,weekday
23,tv,0.0,O1,weekday
23,eating,0.623,O1,weekday
23,exercise,0.0,O1,weekday
23,other,4.918,O1,weekday
0,sleeping,0.0,O1,weekend
0,work,0.0,O1,weekend
0,food_prep,0.0,O1,weekend
0,laundry,0.0,O1,weekend
0,tv,0.0,O1,weekend
0,eating,0.0,O1,weekend
0,exercise,0.0,O1,weekend
0,other,0.0,O1,weekend
1,sleeping,0.0,O1,weekend
1,work,0.0,O1,weekend
1,food_prep,0.0,O1,weekend
1,laundry,0.0,O1,weekend
1,tv,0.0,O1,weekend
1,eating,0.0,O1,weekend
1,exercise,0.0,O1,weekend
1,other,0.0,O1,weekend
2,sleeping,0.0,O1,weekend
2,work,0.0,O1,weekend
2,food_prep,0.0,O1,weekend
2,laundry,0.0,O1,weekend
2,tv,0.0,O1,weekend
2,eating,0.0,O1,weekend
2,exercise,0.0,O1,weekend
2,other,0.0,O1,weekend
3,sleeping,0.0,O1,weekend
3,work,0.0,O1,weekend
3,food_prep,0.0,O1,weekend
3,laundry,0.0,O1,weekend
3,tv,0.0,O1,weekend
3,eating,0.0,O1,weekend
3,exercise,0.0,O1,weekend
3,other,0.0,O1,weekend
4,sleeping,91.999,O1,weekend
4,work,2.632,O1,weekend
4,food_prep,0.055,O1,weekend
4,laundry,0.0,O1,weekend
4,tv,0.168,O1,weekend
4,eating,0.523,O1,weekend
4,exercise,0.461,O1,weekend
4,other,4.161,O1,weekend
5,sleeping,89.813,O1,weekend
5,work,2.375,O1,weekend
5,food_prep,0.29,O1,weekend
5,laundry,0.0,O1,weekend
5,tv,0.168,O1,weekend
5,eating,0.72,O1,weekend
5,exercise,0.786,O1,weekend
5,other,5.847,O1,weekend
6,sleeping,82.747,O1,weekend
6,work,4.301,O1,weekend
6,food_prep,0.734,O1,weekend
6,laundry,0.0,O1,weekend
6,tv,0.076,O1,weekend
6,eating,1.302,O1,weekend
6,exercise,1.093,O1,weekend
6,other,9.747,O1,weekend
7,sleeping,66.894,O1,weekend
7,work,6.844,O1,weekend
7,food_prep,1.586,O1,weekend
7,laundry,0.0,O1,weekend
7,tv,0.356,O1,weekend
7,eating,2.58,O1,weekend
7,exercise,1.644,O1,weekend
7,other,19.996,O1,weekend
8,sleeping,45.814,O1,weekend
8,work,9.247,O1,weekend
8,food_prep,4.603,O1,weekend
8,laundry,0.0,O1,weekend
8,tv,0.514,O1,weekend
8,eating,4.999,O1,weekend
8,exercise,2.569,O1,weekend
8,other,32.154,O1,weekend
9,sleeping,27.306,O1,weekend
9,work,11.9,O1,weekend
9,food_prep,8.13,O1,weekend
9,laundry,0.0,O1,weekend
9,tv,1.838,O1,weekend
9,eating,7.129,O1,weekend
9,exercise,2.585,O1,weekend
9,other,40.405,O1,weekend
10,sleeping,12.322,O1,weekend
10,work,15.727,O1,weekend
10,food_prep,9.092,O1,weekend
10,laundry,0.0,O1,weekend
10,tv,1.496,O1,weekend
10,eating,4.577,O1,weekend
10,exercise,3.352,O1,weekend
10,other,52.587,O1,weekend
11,sleeping,9.357,O1,weekend
11,work,18.571,O1,weekend
11,food_prep,8.798,O1,weekend
11,laundry,0.0,O1,weekend
11,tv,1.3,O1,weekend
11,eating,5.065,O1,weekend
11,exercise,4.68,O1,weekend
11,other,51.326,O1,weekend
12,sleeping,8.022,O1,weekend
12,work,19.106,O1,weekend
12,food_prep,6.3,O1,weekend
12,laundry,0.0,O1,weekend
12,tv,0.686,O1,weekend
12,eating,6.603,O1,weekend
12,exercise,3.554,O1,weekend
12,other,54.826,O1,weekend
13,sleeping,5.967,O1,weekend
13,work,17.822,O1,weekend
13,food_prep,5.06,O1,weekend
13,laundry,0.0,O1,weekend
13,tv,1.54,O1,weekend
13,eating,8.33,O1,weekend
13,exercise,4.83,O1,weekend
13,other,55.386,O1,weekend
14,sleeping,6.198,O1,weekend
14,work,17.047,O1,weekend
14,food_prep,5.795,O1,weekend
14,laundry,0.0,O1,weekend
14,tv,1.59,O1,weekend
14,eating,4.177,O1,weekend
14,exercise,4.607,O1,weekend
14,other,59.3,O1,weekend
15,sleeping,6.222,O1,weekend
15,work,13.578,O1,weekend
15,food_prep,4.701,O1,weekend
15,laundry,0.0,O1,weekend
15,tv,2.408,O1,weekend
15,eating,3.99,O1,weekend
15,exercise,3.577,O1,weekend
15,other,63.897,O1,weekend
16,sleeping,5.987,O1,weekend
16,work,12.702,O1,weekend
16,food_prep,4.514,O1,weekend
16,laundry,0.0,O1,weekend
16,tv,2.198,O1,weekend
16,eating,6.668,O1,weekend
16,exercise,3.829,O1,weekend
16,other,61.619,O1,weekend
17,sleeping,6.137,O1,weekend
17,work,11.032,O1,weekend
17,food_prep,3.775,O1,weekend
17,laundry,0.0,O1,weekend
17,tv,2.101,O1,weekend
17,eating,6.801,O1,weekend
17,exercise,2.489,O1,weekend
17,other,64.175,O1,weekend
18,sleeping,3.868,O1,weekend
18,work,8.389,O1,weekend
18,food_prep,4.045,O1,weekend
18,laundry,0.0,O1,weekend
18,tv,2.073,O1,weekend
18,eating,11.422,O1,weekend
18,exercise,1.15,O1,weekend
18,other,63.697,O1,weekend
19,sleeping,3.246,O1,weekend
19,work,6.414,O1,weekend
19,food_prep,2.93,O1,weekend
19,laundry,0.0,O1,weekend
19,tv,0.834,O1,weekend
19,eating,9.586,O1,weekend
19,exercise,1.203,O1,weekend
19,other,67.498,O1,weekend
20,sleeping,2.96,O1,weekend
20,work,4.227,O1,weekend
20,food_prep,2.145,O1,weekend
20,laundry,0.0,O1,weekend
20,tv,0.657,O1,weekend
20,eating,5.721,O1,weekend
20,exercise,1.31,O1,weekend
20,other,69.028,O1,weekend
21,sleeping,3.091,O1,weekend
21,work,2.532,O1,weekend
21,food_prep,1.42,O1,weekend
21,laundry,0.0,O1,weekend
21,tv,0.988,O1,weekend
21,eating,2.548,O1,weekend
21,exercise,0.1,O1,weekend
21,other,53.909,O1,weekend
22,sleeping,1.579,O1,weekend
22,work,0.359,O1,weekend
22,food_prep,0.984,O1,weekend
22,laundry,0.0,O1,weekend
22,tv,0.456,O1,weekend
22,eating,0.946,O1,weekend
22,exercise,0.0,O1,weekend
22,other,34.117,O1,weekend
23,sleeping,0.0,O1,weekend
23,work,0.0,O1,weekend
23,food_prep,0.0,O1,weekend
23,laundry,0.0,O1,weekend
23,tv,0.0,O1,weekend
23,eating,0.381,O1,weekend
23,exercise,0.0,O1,weekend
23,other,7.655,O1,weekend
0,sleeping,0.0,O2,weekday
0,work,0.0,O2,weekday
0,food_prep,0.0,O2,weekday
0,laundry,0.0,O2,weekday
0,tv,0.0,O2,weekday
0,eating,0.0,O2,weekday
0,exercise,0.0,O2,weekday
0,other,0.0,O2,weekday
1,sleeping,0.0,O2,weekday
1,work,0.0,O2,weekday
1,food_prep,0.0,O2,weekday
1,laundry,0.0,O2,weekday
1,tv,0.0,O2,weekday
1,eating,0.0,O2,weekday
1,exercise,0.0,O2,weekday
1,other,0.0,O2,weekday
2,sleeping,0.0,O2,weekday
2,work,0.0,O2,weekday
2,food_prep,0.0,O2,weekday
2,laundry,0.0,O2,weekday
2,tv,0.0,O2,weekday
2,eating,0.0,O2,weekday
2,exercise,0.0,O2,weekday
2,other,0.0,O2,weekday
3,sleeping,0.0,O2,weekday
3,work,0.0,O2,weekday
3,food_prep,0.0,O2,weekday
3,laundry,0.0,O2,weekday
3,tv,0.0,O2,weekday
3,eating,0.0,O2,weekday
3,exercise,0.0,O2,weekday
3,other,0.0,O2,weekday
4,sleeping,93.946,O2,weekday
4,work,0.07,O2,weekday
4,food_prep,0.199,O2,weekday
4,laundry,0.0,O2,weekday
4,tv,0.085,O2,weekday
4,eating,0.389,O2,weekday
4,exercise,0.06,O2,weekday
4,other,5.251,O2,weekday
5,sleeping,85.961,O2,weekday
5,work,0.05,O2,weekday
5,food_prep,0.389,O2,weekday
5,laundry,0.0,O2,weekday
5,tv,0.178,O2,weekday
5,eating,1.818,O2,weekday
5,exercise,0.511,O2,weekday
5,other,11.092,O2,weekday
6,sleeping,67.641,O2,weekday
6,work,0.05,O2,weekday
6,food_prep,1.249,O2,weekday
6,laundry,0.0,O2,weekday
6,tv,0.439,O2,weekday
6,eating,5.635,O2,weekday
6,exercise,1.285,O2,weekday
6,other,23.7,O2,weekday
7,sleeping,36.59,O2,weekday
7,work,0.383,O2,weekday
7,food_prep,4.248,O2,weekday
7,laundry,0.0,O2,weekday
7,tv,1.419,O2,weekday
7,eating,10.083,O2,weekday
7,exercise,2.052,O2,weekday
7,other,45.224,O2,weekday
8,sleeping,17.724,O2,weekday
8,work,0.804,O2,weekday
8,food_prep,6.744,O2,weekday
8,laundry,0.072,O2,weekday
8,tv,1.565,O2,weekday
8,eating,11.002,O2,weekday
8,exercise,4.185,O2,weekday
8,other,57.904,O2,weekday
9,sleeping,8.08,O2,weekday
9,work,0.289,O2,weekday
9,food_prep,8.814,O2,weekday
9,laundry,0.0,O2,weekday
9,tv,2.588,O2,weekday
9,eating,7.308,O2,weekday
9,exercise,5.374,O2,weekday
9,other,67.549,O2,weekday
10,sleeping,3.898,O2,weekday
10,work,0.667,O2,weekday
10,food_prep,9.926,O2,weekday
10,laundry,0.1,O2,weekday
10,tv,2.64,O2,weekday
10,eating,5.533,O2,weekday
10,exercise,4.656,O2,weekday
10,other,72.579,O2,weekday
11,sleeping,3.166,O2,weekday
11,work,0.604,O2,weekday
11,food_prep,9.254,O2,weekday
11,laundry,0.114,O2,weekday
11,tv,1.763,O2,weekday
11,eating,7.111,O2,weekday
11,exercise,2.83,O2,weekday
11,other,75.157,O2,weekday
12,sleeping,3.71,O2,weekday
12,work,0.366,O2,weekday
12,food_prep,6.91,O2,weekday
12,laundry,0.0,O2,weekday
12,tv,4.103,O2,weekday
12,eating,14.282,O2,weekday
12,exercise,2.917,O2,weekday
12,other,67.711,O2,weekday
13,sleeping,5.652,O2,weekday
13,work,0.333,O2,weekday
13,food_prep,6.816,O2,weekday
13,laundry,0.0,O2,weekday
13,tv,2.945,O2,weekday
13,eating,8.129,O2,weekday
13,exercise,2.745,O2,weekday
13,other,73.087,O2,weekday
14,sleeping,5.367,O2,weekday
14,work,0.602,O2,weekday
14,food_prep,5.096,O2,weekday
14,laundry,0.0,O2,weekday
14,tv,4.943,O2,weekday
14,eating,5.749,O2,weekday
14,exercise,2.393,O2,weekday
14,other,75.393,O2,weekday
15,sleeping,4.68,O2,weekday
15,work,0.358,O2,weekday
15,food_prep,5.655,O2,weekday
15,laundry,0.062,O2,weekday
15,tv,6.263,O2,weekday
15,eating,3.461,O2,weekday
15,exercise,2.611,O2,weekday
15,other,76.452,O2,weekday
16,sleeping,2.781,O2,weekday
16,work,0.315,O2,weekday
16,food_prep,4.414,O2,weekday
16,laundry,0.157,O2,weekday
16,tv,4.923,O2,weekday
16,eating,7.279,O2,weekday
16,exercise,1.718,O2,weekday
16,other,77.628,O2,weekday
17,sleeping,1.287,O2,weekday
17,work,0.069,O2,weekday
17,food_prep,2.57,O2,weekday
17,laundry,0.291,O2,weekday
17,tv,2.883,O2,weekday
17,eating,18.552,O2,weekday
17,exercise,1.296,O2,weekday
17,other,71.953,O2,weekday
18,sleeping,1.041,O2,weekday
18,work,0.0,O2,weekday
18,food_prep,2.432,O2,weekday
18,laundry,0.0,O2,weekday
18,tv,2.271,O2,weekday
18,eating,16.909,O2,weekday
18,exercise,1.255,O2,weekday
18,other,73.418,O2,weekday
19,sleeping,0.745,O2,weekday
19,work,0.104,O2,weekday
19,food_prep,2.118,O2,weekday
19,laundry,0.0,O2,weekday
19,tv,1.856,O2,weekday
19,eating,7.796,O2,weekday
19,exercise,0.786,O2,weekday
19,other,80.881,O2,weekday
20,sleeping,1.327,O2,weekday
20,work,0.0,O2,weekday
20,food_prep,1.482,O2,weekday
20,laundry,0.071,O2,weekday
20,tv,1.454,O2,weekday
20,eating,3.43,O2,weekday
20,exercise,0.673,O2,weekday
20,other,79.258,O2,weekday
21,sleeping,1.482,O2,weekday
21,work,0.0,O2,weekday
21,food_prep,0.69,O2,weekday
21,laundry,0.0,O2,weekday
21,tv,1.356,O2,weekday
21,eating,1.792,O2,weekday
21,exercise,0.241,O2,weekday
21,other,61.665,O2,weekday
22,sleeping,0.821,O2,weekday
22,work,0.0,O2,weekday
22,food_prep,0.292,O2,weekday
22,laundry,0.0,O2,weekday
22,tv,0.683,O2,weekday
22,eating,0.314,O2,weekday
22,exercise,0.0,O2,weekday
22,other,31.26,O2,weekday
23,sleeping,0.208,O2,weekday
23,work,0.0,O2,weekday
23,food_prep,0.062,O2,weekday
23,laundry,0.0,O2,weekday
23,tv,0.0,O2,weekday
23,eating,0.0,O2,weekday
23,exercise,0.064,O2,weekday
23,other,4.963,O2,weekday
0,sleeping,0.0,O2,weekend
0,work,0.0,O2,weekend
0,food_prep,0.0,O2,weekend
0,laundry,0.0,O2,weekend
0,tv,0.0,O2,weekend
0,eating,0.0,O2,weekend
0,exercise,0.0,O2,weekend
0,other,0.0,O2,weekend
1,sleeping,0.0,O2,weekend
1,work,0.0,O2,weekend
1,food_prep,0.0,O2,weekend
1,laundry,0.0,O2,weekend
1,tv,0.0,O2,weekend
1,eating,0.0,O2,weekend
1,exercise,0.0,O2,weekend
1,other,0.0,O2,weekend
2,sleeping,0.0,O2,weekend
2,work,0.0,O2,weekend
2,food_prep,0.0,O2,weekend
2,laundry,0.0,O2,weekend
2,tv,0.0,O2,weekend
2,eating,0.0,O2,weekend
2,exercise,0.0,O2,weekend
2,other,0.0,O2,weekend
3,sleeping,0.0,O2,weekend
3,work,0.0,O2,weekend
3,food_prep,0.0,O2,weekend
3,laundry,0.0,O2,weekend
3,tv,0.0,O2,weekend
3,eating,0.0,O2,weekend
3,exercise,0.0,O2,weekend
3,other,0.0,O2,weekend
4,sleeping,95.485,O2,weekend
4,work,0.0,O2,weekend
4,food_prep,0.295,O2,weekend
4,laundry,0.0,O2,weekend
4,tv,0.088,O2,weekend
4,eating,0.439,O2,weekend
4,exercise,0.105,O2,weekend
4,other,3.589,O2,weekend
5,sleeping,88.621,O2,weekend
5,work,0.0,O2,weekend
5,food_prep,0.284,O2,weekend
5,laundry,0.0,O2,weekend
5,tv,0.171,O2,weekend
5,eating,1.436,O2,weekend
5,exercise,0.454,O2,weekend
5,other,9.033,O2,weekend
6,sleeping,69.543,O2,weekend
6,work,0.133,O2,weekend
6,food_prep,0.795,O2,weekend
6,laundry,0.0,O2,weekend
6,tv,0.83,O2,weekend
6,eating,5.503,O2,weekend
6,exercise,0.88,O2,weekend
6,other,22.316,O2,weekend
7,sleeping,41.366,O2,weekend
7,work,0.215,O2,weekend
7,food_prep,3.264,O2,weekend
7,laundry,0.054,O2,weekend
7,tv,1.095,O2,weekend
7,eating,11.093,O2,weekend
7,exercise,3.198,O2,weekend
7,other,39.714,O2,weekend
8,sleeping,18.176,O2,weekend
8,work,0.215,O2,weekend
8,food_prep,5.392,O2,weekend
8,laundry,0.0,O2,weekend
8,tv,1.526,O2,weekend
8,eating,12.497,O2,weekend
8,exercise,3.701,O2,weekend
8,other,58.493,O2,weekend
9,sleeping,7.537,O2,weekend
9,work,0.334,O2,weekend
9,food_prep,8.633,O2,weekend
9,laundry,0.0,O2,weekend
9,tv,3.025,O2,weekend
9,eating,7.105,O2,weekend
9,exercise,2.931,O2,weekend
9,other,70.435,O2,weekend
10,sleeping,3.762,O2,weekend
10,work,0.252,O2,weekend
10,food_prep,9.33,O2,weekend
10,laundry,0.0,O2,weekend
10,tv,3.457,O2,weekend
10,eating,4.526,O2,weekend
10,exercise,3.732,O2,weekend
10,other,74.942,O2,weekend
11,sleeping,2.81,O2,weekend
11,work,0.138,O2,weekend
11,food_prep,7.814,O2,weekend
11,laundry,0.048,O2,weekend
11,tv,2.79,O2,weekend
11,eating,8.743,O2,weekend
11,exercise,2.612,O2,weekend
11,other,74.962,O2,weekend
12,sleeping,2.644,O2,weekend
12,work,0.084,O2,weekend
12,food_prep,7.479,O2,weekend
12,laundry,0.0,O2,weekend
12,tv,2.828,O2,weekend
12,eating,13.455,O2,weekend
12,exercise,2.576,O2,weekend
12,other,70.753,O2,weekend
13,sleeping,4.196,O2,weekend
13,work,0.084,O2,weekend
13,food_prep,7.77,O2,weekend
13,laundry,0.046,O2,weekend
13,tv,3.608,O2,weekend
13,eating,8.388,O2,weekend
13,exercise,3.136,O2,weekend
13,other,72.59,O2,weekend
14,sleeping,5.799,O2,weekend
14,work,0.049,O2,weekend
14,food_prep,7.495,O2,weekend
14,laundry,0.077,O2,weekend
14,tv,3.06,O2,weekend
14,eating,6.6,O2,weekend
14,exercise,2.858,O2,weekend
14,other,73.882,O2,weekend
15,sleeping,4.823,O2,weekend
15,work,0.0,O2,weekend
15,food_prep,5.154,O2,weekend
15,laundry,0.092,O2,weekend
15,tv,4.116,O2,weekend
15,eating,4.06,O2,weekend
15,exercise,2.856,O2,weekend
15,other,78.718,O2,weekend
16,sleeping,3.338,O2,weekend
16,work,0.0,O2,weekend
16,food_prep,3.028,O2,weekend
16,laundry,0.0,O2,weekend
16,tv,5.112,O2,weekend
16,eating,6.489,O2,weekend
16,exercise,1.718,O2,weekend
16,other,80.134,O2,weekend
17,sleeping,2.366,O2,weekend
17,work,0.213,O2,weekend
17,food_prep,1.991,O2,weekend
17,laundry,0.26,O2,weekend
17,tv,4.152,O2,weekend
17,eating,14.465,O2,weekend
17,exercise,1.386,O2,weekend
17,other,74.551,O2,weekend
18,sleeping,1.267,O2,weekend
18,work,0.084,O2,weekend
18,food_prep,1.905,O2,weekend
18,laundry,0.057,O2,weekend
18,tv,2.434,O2,weekend
18,eating,18.2,O2,weekend
18,exercise,0.822,O2,weekend
18,other,73.395,O2,weekend
19,sleeping,0.654,O2,weekend
19,work,0.132,O2,weekend
19,food_prep,0.71,O2,weekend
19,laundry,0.0,O2,weekend
19,tv,2.565,O2,weekend
19,eating,9.295,O2,weekend
19,exercise,0.76,O2,weekend
19,other,80.887,O2,weekend
20,sleeping,0.738,O2,weekend
20,work,0.0,O2,weekend
20,food_prep,0.697,O2,weekend
20,laundry,0.118,O2,weekend
20,tv,1.962,O2,weekend
20,eating,2.907,O2,weekend
20,exercise,0.222,O2,weekend
20,other,82.08,O2,weekend
21,sleeping,2.321,O2,weekend
21,work,0.0,O2,weekend
21,food_prep,1.12,O2,weekend
21,laundry,0.0,O2,weekend
21,tv,1.387,O2,weekend
21,eating,1.241,O2,weekend
21,exercise,0.135,O2,weekend
21,other,64.478,O2,weekend
22,sleeping,1.031,O2,weekend
22,work,0.0,O2,weekend
22,food_prep,0.222,O2,weekend
22,laundry,0.0,O2,weekend
22,tv,0.596,O2,weekend
22,eating,0.459,O2,weekend
22,exercise,0.066,O2,weekend
22,other,33.26,O2,weekend
23,sleeping,0.408,O2,weekend
23,work,0.146,O2,weekend
23,food_prep,0.068,O2,weekend
23,laundry,0.0,O2,weekend
23,tv,0.241,O2,weekend
23,eating,0.052,O2,weekend
23,exercise,0.0,O2,weekend
23,other,3.14,O2,weekend
0,sleeping,0.0,O3,weekday
0,work,0.0,O3,weekday
0,food_prep,0.0,O3,weekday
0,laundry,0.0,O3,weekday
0,tv,0.0,O3,weekday
0,eating,0.0,O3,weekday
0,exercise,0.0,O3,weekday
0,other,0.0,O3,weekday
1,sleeping,0.0,O3,weekday
1,work,0.0,O3,weekday
1,food_prep,0.0,O3,weekday
1,laundry,0.0,O3,weekday
1,tv,0.0,O3,weekday
1,eating,0.0,O3,weekday
1,exercise,0.0,O3,weekday
1,other,0.0,O3,weekday
2,sleeping,0.0,O3,weekday
2,work,0.0,O3,weekday
2,food_prep,0.0,O3,weekday
2,laundry,0.0,O3,weekday
2,tv,0.0,O3,weekday
2,eating,0.0,O3,weekday
2,exercise,0.0,O3,weekday
2,other,0.0,O3,weekday
3,sleeping,0.0,O3,weekday
3,work,0.0,O3,weekday
3,food_prep,0.0,O3,weekday
3,laundry,0.0,O3,weekday
3,tv,0.0,O3,weekday
3,eating,0.0,O3,weekday
3,exercise,0.0,O3,weekday
3,other,0.0,O3,weekday
4,sleeping,88.525,O3,weekday
4,work,2.859,O3,weekday
4,food_prep,0.111,O3,weekday
4,laundry,0.0,O3,weekday
4,tv,0.267,O3,weekday
4,eating,0.217,O3,weekday
4,exercise,0.283,O3,weekday
4,other,7.737,O3,weekday
5,sleeping,69.118,O3,weekday
5,work,7.431,O3,weekday
5,food_prep,0.398,O3,weekday
5,laundry,0.0,O3,weekday
5,tv,0.416,O3,weekday
5,eating,1.955,O3,weekday
5,exercise,1.819,O3,weekday
5,other,18.864,O3,weekday
6,sleeping,31.843,O3,weekday
6,work,16.327,O3,weekday
6,food_prep,1.284,O3,weekday
6,laundry,0.0,O3,weekday
6,tv,0.788,O3,weekday
6,eating,3.717,O3,weekday
6,exercise,1.096,O3,weekday
6,other,44.945,O3,weekday
7,sleeping,11.785,O3,weekday
7,work,34.339,O3,weekday
7,food_prep,2.059,O3,weekday
7,laundry,0.0,O3,weekday
7,tv,1.255,O3,weekday
7,eating,4.19,O3,weekday
7,exercise,1.647,O3,weekday
7,other,44.725,O3,weekday
8,sleeping,5.353,O3,weekday
8,work,59.612,O3,weekday
8,food_prep,3.012,O3,weekday
8,laundry,0.172,O3,weekday
8,tv,0.247,O3,weekday
8,eating,3.178,O3,weekday
8,exercise,1.167,O3,weekday
8,other,27.259,O3,weekday
9,sleeping,3.285,O3,weekday
9,work,68.839,O3,weekday
9,food_prep,2.602,O3,weekday
9,laundry,0.184,O3,weekday
9,tv,1.251,O3,weekday
9,eating,2.704,O3,weekday
9,exercise,1.549,O3,weekday
9,other,19.586,O3,weekday
10,sleeping,2.95,O3,weekday
10,work,70.821,O3,weekday
10,food_prep,3.321,O3,weekday
10,laundry,0.0,O3,weekday
10,tv,1.03,O3,weekday
10,eating,1.498,O3,weekday
10,exercise,1.228,O3,weekday
10,other,19.153,O3,weekday
11,sleeping,2.578,O3,weekday
11,work,66.763,O3,weekday
11,food_prep,2.475,O3,weekday
11,laundry,0.0,O3,weekday
11,tv,0.943,O3,weekday
11,eating,6.603,O3,weekday
11,exercise,0.879,O3,weekday
11,other,19.759,O3,weekday
12,sleeping,2.08,O3,weekday
12,work,54.773,O3,weekday
12,food_prep,2.281,O3,weekday
12,laundry,0.0,O3,weekday
12,tv,1.37,O3,weekday
12,eating,17.676,O3,weekday
12,exercise,1.338,O3,weekday
12,other,20.484,O3,weekday
13,sleeping,2.923,O3,weekday
13,work,68.565,O3,weekday
13,food_prep,1.512,O3,weekday
13,laundry,0.0,O3,weekday
13,tv,0.937,O3,weekday
13,eating,4.57,O3,weekday
13,exercise,0.73,O3,weekday
13,other,20.763,O3,weekday
14,sleeping,2.436,O3,weekday
14,work,64.527,O3,weekday
14,food_prep,1.974,O3,weekday
14,laundry,0.0,O3,weekday
14,tv,2.25,O3,weekday
14,eating,2.143,O3,weekday
14,exercise,0.961,O3,weekday
14,other,25.71,O3,weekday
15,sleeping,2.07,O3,weekday
15,work,55.809,O3,weekday
15,food_prep,1.632,O3,weekday
15,laundry,0.037,O3,weekday
15,tv,3.004,O3,weekday
15,eating,2.51,O3,weekday
15,exercise,0.915,O3,weekday
15,other,34.022,O3,weekday
16,sleeping,1.333,O3,weekday
16,work,41.151,O3,weekday
16,food_prep,2.13,O3,weekday
16,laundry,0.0,O3,weekday
16,tv,2.489,O3,weekday
16,eating,3.18,O3,weekday
16,exercise,2.237,O3,weekday
16,other,47.414,O3,weekday
17,sleeping,0.576,O3,weekday
17,work,19.335,O3,weekday
17,food_prep,2.35,O3,weekday
17,laundry,0.125,O3,weekday
17,tv,3.158,O3,weekday
17,eating,12.243,O3,weekday
17,exercise,2.795,O3,weekday
17,other,59.351,O3,weekday
18,sleeping,0.556,O3,weekday
18,work,11.576,O3,weekday
18,food_prep,1.355,O3,weekday
18,laundry,0.143,O3,weekday
18,tv,2.545,O3,weekday
18,eating,18.083,O3,weekday
18,exercise,2.423,O3,weekday
18,other,61.908,O3,weekday
19,sleeping,0.24,O3,weekday
19,work,8.691,O3,weekday
19,food_prep,2.153,O3,weekday
19,laundry,0.0,O3,weekday
19,tv,1.977,O3,weekday
19,eating,11.772,O3,weekday
19,exercise,2.633,O3,weekday
19,other,69.066,O3,weekday
20,sleeping,0.636,O3,weekday
20,work,7.512,O3,weekday
20,food_prep,2.486,O3,weekday
20,laundry,0.116,O3,weekday
20,tv,2.768,O3,weekday
20,eating,5.715,O3,weekday
20,exercise,1.901,O3,weekday
20,other,67.997,O3,weekday
21,sleeping,1.43,O3,weekday
21,work,5.361,O3,weekday
21,food_prep,1.45,O3,weekday
21,laundry,0.0,O3,weekday
21,tv,1.781,O3,weekday
21,eating,3.212,O3,weekday
21,exercise,0.841,O3,weekday
21,other,52.702,O3,weekday
22,sleeping,0.9,O3,weekday
22,work,1.833,O3,weekday
22,food_prep,0.435,O3,weekday
22,laundry,0.0,O3,weekday
22,tv,0.49,O3,weekday
22,eating,0.355,O3,weekday
22,exercise,0.217,O3,weekday
22,other,24.557,O3,weekday
23,sleeping,0.077,O3,weekday
23,work,0.48,O3,weekday
23,food_prep,0.062,O3,weekday
23,laundry,0.096,O3,weekday
23,tv,0.0,O3,weekday
23,eating,0.601,O3,weekday
23,exercise,0.0,O3,weekday
23,other,3.946,O3,weekday
0,sleeping,0.0,O3,weekend
0,work,0.0,O3,weekend
0,food_prep,0.0,O3,weekend
0,laundry,0.0,O3,weekend
0,tv,0.0,O3,weekend
0,eating,0.0,O3,weekend
0,exercise,0.0,O3,weekend
0,other,0.0,O3,weekend
1,sleeping,0.0,O3,weekend
1,work,0.0,O3,weekend
1,food_prep,0.0,O3,weekend
1,laundry,0.0,O3,weekend
1,tv,0.0,O3,weekend
1,eating,0.0,O3,weekend
1,exercise,0.0,O3,weekend
1,other,0.0,O3,weekend
2,sleeping,0.0,O3,weekend
2,work,0.0,O3,weekend
2,food_prep,0.0,O3,weekend
2,laundry,0.0,O3,weekend
2,tv,0.0,O3,weekend
2,eating,0.0,O3,weekend
2,exercise,0.0,O3,weekend
2,other,0.0,O3,weekend
3,sleeping,0.0,O3,weekend
3,work,0.0,O3,weekend
3,food_prep,0.0,O3,weekend
3,laundry,0.0,O3,weekend
3,tv,0.0,O3,weekend
3,eating,0.0,O3,weekend
3,exercise,0.0,O3,weekend
3,other,0.0,O3,weekend
4,sleeping,95.247,O3,weekend
4,work,1.849,O3,weekend
4,food_prep,0.188,O3,weekend
4,laundry,0.0,O3,weekend
4,tv,0.184,O3,weekend
4,eating,0.209,O3,weekend
4,exercise,0.0,O3,weekend
4,other,2.322,O3,weekend
5,sleeping,92.087,O3,weekend
5,work,2.275,O3,weekend
5,food_prep,0.637,O3,weekend
5,laundry,0.0,O3,weekend
5,tv,0.0,O3,weekend
5,eating,0.821,O3,weekend
5,exercise,0.073,O3,weekend
5,other,4.107,O3,weekend
6,sleeping,76.968,O3,weekend
6,work,4.198,O3,weekend
6,food_prep,1.64,O3,weekend
6,laundry,0.066,O3,weekend
6,tv,0.454,O3,weekend
6,eating,3.152,O3,weekend
6,exercise,1.106,O3,weekend
6,other,12.417,O3,weekend
7,sleeping,47.847,O3,weekend
7,work,5.883,O3,weekend
7,food_prep,2.801,O3,weekend
7,laundry,0.12,O3,weekend
7,tv,1.233,O3,weekend
7,eating,7.2,O3,weekend
7,exercise,2.182,O3,weekend
7,other,32.734,O3,weekend
8,sleeping,22.775,O3,weekend
8,work,8.018,O3,weekend
8,food_prep,8.61,O3,weekend
8,laundry,0.056,O3,weekend
8,tv,1.501,O3,weekend
8,eating,8.776,O3,weekend
8,exercise,2.694,O3,weekend
8,other,47.57,O3,weekend
9,sleeping,9.927,O3,weekend
9,work,10.425,O3,weekend
9,food_prep,9.837,O3,weekend
9,laundry,0.079,O3,weekend
9,tv,2.112,O3,weekend
9,eating,6.283,O3,weekend
9,exercise,2.948,O3,weekend
9,other,58.388,O3,weekend
10,sleeping,4.159,O3,weekend
10,work,11.899,O3,weekend
10,food_prep,10.636,O3,weekend
10,laundry,0.0,O3,weekend
10,tv,1.719,O3,weekend
10,eating,4.75,O3,weekend
10,exercise,3.31,O3,weekend
10,other,63.526,O3,weekend
11,sleeping,2.705,O3,weekend
11,work,10.859,O3,weekend
11,food_prep,8.914,O3,weekend
11,laundry,0.0,O3,weekend
11,tv,1.009,O3,weekend
11,eating,6.967,O3,weekend
11,exercise,3.445,O3,weekend
11,other,66.1,O3,weekend
12,sleeping,3.187,O3,weekend
12,work,9.026,O3,weekend
12,food_prep,7.489,O3,weekend
12,laundry,0.0,O3,weekend
12,tv,1.167,O3,weekend
12,eating,13.638,O3,weekend
12,exercise,3.686,O3,weekend
12,other,61.709,O3,weekend
13,sleeping,4.429,O3,weekend
13,work,10.507,O3,weekend
13,food_prep,8.094,O3,weekend
13,laundry,0.075,O3,weekend
13,tv,1.733,O3,weekend
13,eating,9.174,O3,weekend
13,exercise,3.857,O3,weekend
13,other,61.784,O3,weekend
14,sleeping,4.139,O3,weekend
14,work,10.344,O3,weekend
14,food_prep,6.996,O3,weekend
14,laundry,0.0,O3,weekend
14,tv,2.242,O3,weekend
14,eating,5.273,O3,weekend
14,exercise,4.486,O3,weekend
14,other,66.061,O3,weekend
15,sleeping,3.317,O3,weekend
15,work,8.884,O3,weekend
15,food_prep,6.808,O3,weekend
15,laundry,0.0,O3,weekend
15,tv,2.514,O3,weekend
15,eating,3.206,O3,weekend
15,exercise,4.072,O3,weekend
15,other,70.351,O3,weekend
16,sleeping,2.55,O3,weekend
16,work,7.237,O3,weekend
16,food_prep,5.138,O3,weekend
16,laundry,0.104,O3,weekend
16,tv,2.415,O3,weekend
16,eating,4.735,O3,weekend
16,exercise,3.794,O3,weekend
16,other,73.057,O3,weekend
17,sleeping,1.562,O3,weekend
17,work,6.061,O3,weekend
17,food_prep,3.815,O3,weekend
17,laundry,0.23,O3,weekend
17,tv,1.817,O3,weekend
17,eating,12.413,O3,weekend
17,exercise,2.825,O3,weekend
17,other,69.529,O3,weekend
18,sleeping,1.073,O3,weekend
18,work,4.666,O3,weekend
18,food_prep,3.335,O3,weekend
18,laundry,0.17,O3,weekend
18,tv,2.368,O3,weekend
18,eating,16.833,O3,weekend
18,exercise,2.002,O3,weekend
18,other,66.246,O3,weekend
19,sleeping,1.257,O3,weekend
19,work,3.908,O3,weekend
19,food_prep,3.229,O3,weekend
19,laundry,0.0,O3,weekend
19,tv,2.217,O3,weekend
19,eating,11.848,O3,weekend
19,exercise,1.457,O3,weekend
19,other,70.844,O3,weekend
20,sleeping,0.896,O3,weekend
20,work,3.39,O3,weekend
20,food_prep,2.475,O3,weekend
20,laundry,0.0,O3,weekend
20,tv,2.431,O3,weekend
20,eating,6.489,O3,weekend
20,exercise,1.067,O3,weekend
20,other,70.206,O3,weekend
21,sleeping,1.519,O3,weekend
21,work,2.084,O3,weekend
21,food_prep,1.865,O3,weekend
21,laundry,0.256,O3,weekend
21,tv,1.228,O3,weekend
21,eating,1.412,O3,weekend
21,exercise,0.704,O3,weekend
21,other,56.804,O3,weekend
22,sleeping,1.091,O3,weekend
22,work,1.214,O3,weekend
22,food_prep,1.013,O3,weekend
22,laundry,0.0,O3,weekend
22,tv,0.361,O3,weekend
22,eating,0.542,O3,weekend
22,exercise,0.262,O3,weekend
22,other,26.366,O3,weekend
23,sleeping,0.108,O3,weekend
23,work,0.329,O3,weekend
23,food_prep,0.192,O3,weekend
23,laundry,0.0,O3,weekend
23,tv,0.0,O3,weekend
23,eating,0.065,O3,weekend
23,exercise,0.0,O3,weekend
23,other,4.006,O3,weekend
0,sleeping,0.0,O4,weekday
0,work,0.0,O4,weekday
0,food_prep,0.0,O4,weekday
0,laundry,0.0,O4,weekday
0,tv,0.0,O4,weekday
0,eating,0.0,O4,weekday
0,exercise,0.0,O4,weekday
0,other,0.0,O4,weekday
1,sleeping,0.0,O4,weekday
1,work,0.0,O4,weekday
1,food_prep,0.0,O4,weekday
1,laundry,0.0,O4,weekday
1,tv,0.0,O4,weekday
1,eating,0.0,O4,weekday
1,exercise,0.0,O4,weekday
1,other,0.0,O4,weekday
2,sleeping,0.0,O4,weekday
2,work,0.0,O4,weekday
2,food_prep,0.0,O4,weekday
2,laundry,0.0,O4,weekday
2,tv,0.0,O4,weekday
2,eating,0.0,O4,weekday
2,exercise,0.0,O4,weekday
2,other,0.0,O4,weekday
3,sleeping,0.0,O4,weekday
3,work,0.0,O4,weekday
3,food_prep,0.0,O4,weekday
3,laundry,0.0,O4,weekday
3,tv,0.0,O4,weekday
3,eating,0.0,O4,weekday
3,exercise,0.0,O4,weekday
3,other,0.0,O4,weekday
4,sleeping,92.512,O4,weekday
4,work,0.0,O4,weekday
4,food_prep,0.0,O4,weekday
4,laundry,0.0,O4,weekday
4,tv,0.0,O4,weekday
4,eating,0.0,O4,weekday
4,exercise,1.303,O4,weekday
4,other,6.185,O4,weekday
5,sleeping,91.129,O4,weekday
5,work,0.0,O4,weekday
5,food_prep,3.07,O4,weekday
5,laundry,0.0,O4,weekday
5,tv,0.0,O4,weekday
5,eating,1.327,O4,weekday
5,exercise,1.303,O4,weekday
5,other,3.171,O4,weekday
6,sleeping,69.322,O4,weekday
6,work,0.0,O4,weekday
6,food_prep,6.978,O4,weekday
6,laundry,0.0,O4,weekday
6,tv,0.0,O4,weekday
6,eating,0.0,O4,weekday
6,exercise,1.303,O4,weekday
6,other,22.397,O4,weekday
7,sleeping,54.946,O4,weekday
7,work,0.935,O4,weekday
7,food_prep,3.07,O4,weekday
7,laundry,0.0,O4,weekday
7,tv,0.0,O4,weekday
7,eating,4.318,O4,weekday
7,exercise,0.0,O4,weekday
7,other,36.732,O4,weekday
8,sleeping,38.111,O4,weekday
8,work,2.786,O4,weekday
8,food_prep,10.405,O4,weekday
8,laundry,0.0,O4,weekday
8,tv,2.341,O4,weekday
8,eating,5.74,O4,weekday
8,exercise,0.0,O4,weekday
8,other,40.616,O4,weekday
9,sleeping,29.15,O4,weekday
9,work,6.358,O4,weekday
9,food_prep,17.595,O4,weekday
9,laundry,0.0,O4,weekday
9,tv,2.341,O4,weekday
9,eating,7.22,O4,weekday
9,exercise,1.029,O4,weekday
9,other,36.306,O4,weekday
10,sleeping,22.92,O4,weekday
10,work,7.95,O4,weekday
10,food_prep,23.92,O4,weekday
10,laundry,0.0,O4,weekday
10,tv,1.014,O4,weekday
10,eating,1.327,O4,weekday
10,exercise,1.094,O4,weekday
10,other,41.774,O4,weekday
11,sleeping,13.577,O4,weekday
11,work,9.548,O4,weekday
11,food_prep,17.262,O4,weekday
11,laundry,0.0,O4,weekday
11,tv,0.0,O4,weekday
11,eating,3.878,O4,weekday
11,exercise,2.788,O4,weekday
11,other,52.947,O4,weekday
12,sleeping,5.799,O4,weekday
12,work,12.294,O4,weekday
12,food_prep,11.302,O4,weekday
12,laundry,0.0,O4,weekday
12,tv,0.825,O4,weekday
12,eating,17.964,O4,weekday
12,exercise,2.788,O4,weekday
12,other,49.027,O4,weekday
13,sleeping,1.491,O4,weekday
13,work,9.402,O4,weekday
13,food_prep,10.838,O4,weekday
13,laundry,0.0,O4,weekday
13,tv,0.0,O4,weekday
13,eating,2.814,O4,weekday
13,exercise,1.851,O4,weekday
13,other,73.604,O4,weekday
14,sleeping,5.223,O4,weekday
14,work,8.314,O4,weekday
14,food_prep,10.616,O4,weekday
14,laundry,0.0,O4,weekday
14,tv,0.773,O4,weekday
14,eating,2.2,O4,weekday
14,exercise,1.851,O4,weekday
14,other,71.023,O4,weekday
15,sleeping,14.319,O4,weekday
15,work,3.572,O4,weekday
15,food_prep,7.419,O4,weekday
15,laundry,0.0,O4,weekday
15,tv,0.0,O4,weekday
15,eating,8.309,O4,weekday
15,exercise,0.0,O4,weekday
15,other,66.382,O4,weekday
16,sleeping,9.368,O4,weekday
16,work,6.02,O4,weekday
16,food_prep,11.674,O4,weekday
16,laundry,0.0,O4,weekday
16,tv,1.513,O4,weekday
16,eating,4.666,O4,weekday
16,exercise,0.0,O4,weekday
16,other,66.759,O4,weekday
17,sleeping,0.0,O4,weekday
17,work,6.02,O4,weekday
17,food_prep,7.707,O4,weekday
17,laundry,0.0,O4,weekday
17,tv,0.0,O4,weekday
17,eating,9.649,O4,weekday
17,exercise,0.0,O4,weekday
17,other,76.624,O4,weekday
18,sleeping,1.491,O4,weekday
18,work,9.592,O4,weekday
18,food_prep,5.418,O4,weekday
18,laundry,2.357,O4,weekday
18,tv,0.0,O4,weekday
18,eating,12.855,O4,weekday
18,exercise,0.0,O4,weekday
18,other,62.555,O4,weekday
19,sleeping,0.0,O4,weekday
19,work,9.592,O4,weekday
19,food_prep,0.0,O4,weekday
19,laundry,0.0,O4,weekday
19,tv,0.0,O4,weekday
19,eating,13.632,O4,weekday
19,exercise,2.863,O4,weekday
19,other,68.182,O4,weekday
20,sleeping,3.07,O4,weekday
20,work,0.0,O4,weekday
20,food_prep,5.362,O4,weekday
20,laundry,0.0,O4,weekday
20,tv,0.0,O4,weekday
20,eating,6.337,O4,weekday
20,exercise,1.747,O4,weekday
20,other,65.803,O4,weekday
21,sleeping,5.569,O4,weekday
21,work,0.0,O4,weekday
21,food_prep,4.333,O4,weekday
21,laundry,0.0,O4,weekday
21,tv,2.357,O4,weekday
21,eating,1.295,O4,weekday
21,exercise,0.0,O4,weekday
21,other,54.443,O4,weekday
22,sleeping,4.164,O4,weekday
22,work,0.0,O4,weekday
22,food_prep,3.621,O4,weekday
22,laundry,0.0,O4,weekday
22,tv,1.327,O4,weekday
22,eating,8.101,O4,weekday
22,exercise,0.0,O4,weekday
22,other,19.585,O4,weekday
23,sleeping,0.0,O4,weekday
23,work,0.0,O4,weekday
23,food_prep,0.0,O4,weekday
23,laundry,0.0,O4,weekday
23,tv,0.0,O4,weekday
23,eating,0.0,O4,weekday
23,exercise,0.0,O4,weekday
23,other,4.811,O4,weekday
0,sleeping,0.0,O4,weekend
0,work,0.0,O4,weekend
0,food_prep,0.0,O4,weekend
0,laundry,0.0,O4,weekend
0,tv,0.0,O4,weekend
0,eating,0.0,O4,weekend
0,exercise,0.0,O4,weekend
0,other,0.0,O4,weekend
1,sleeping,0.0,O4,weekend
1,work,0.0,O4,weekend
1,food_prep,0.0,O4,weekend
1,laundry,0.0,O4,weekend
1,tv,0.0,O4,weekend
1,eating,0.0,O4,weekend
1,exercise,0.0,O4,weekend
1,other,0.0,O4,weekend
2,sleeping,0.0,O4,weekend
2,work,0.0,O4,weekend
2,food_prep,0.0,O4,weekend
2,laundry,0.0,O4,weekend
2,tv,0.0,O4,weekend
2,eating,0.0,O4,weekend
2,exercise,0.0,O4,weekend
2,other,0.0,O4,weekend
3,sleeping,0.0,O4,weekend
3,work,0.0,O4,weekend
3,food_prep,0.0,O4,weekend
3,laundry,0.0,O4,weekend
3,tv,0.0,O4,weekend
3,eating,0.0,O4,weekend
3,exercise,0.0,O4,weekend
3,other,0.0,O4,weekend
4,sleeping,91.116,O4,weekend
4,work,0.0,O4,weekend
4,food_prep,0.0,O4,weekend
4,laundry,0.0,O4,weekend
4,tv,0.0,O4,weekend
4,eating,5.164,O4,weekend
4,exercise,0.0,O4,weekend
4,other,3.721,O4,weekend
5,sleeping,89.872,O4,weekend
5,work,0.0,O4,weekend
5,food_prep,0.0,O4,weekend
5,laundry,0.0,O4,weekend
5,tv,0.0,O4,weekend
5,eating,1.244,O4,weekend
5,exercise,0.0,O4,weekend
5,other,8.884,O4,weekend
6,sleeping,79.499,O4,weekend
6,work,0.0,O4,weekend
6,food_prep,0.0,O4,weekend
6,laundry,0.0,O4,weekend
6,tv,0.0,O4,weekend
6,eating,0.821,O4,weekend
6,exercise,0.0,O4,weekend
6,other,19.68,O4,weekend
7,sleeping,70.095,O4,weekend
7,work,0.0,O4,weekend
7,food_prep,4.432,O4,weekend
7,laundry,0.0,O4,weekend
7,tv,0.0,O4,weekend
7,eating,2.788,O4,weekend
7,exercise,0.0,O4,weekend
7,other,22.685,O4,weekend
8,sleeping,41.661,O4,weekend
8,work,0.0,O4,weekend
8,food_prep,8.617,O4,weekend
8,laundry,0.0,O4,weekend
8,tv,0.0,O4,weekend
8,eating,4.798,O4,weekend
8,exercise,3.004,O4,weekend
8,other,41.92,O4,weekend
9,sleeping,25.187,O4,weekend
9,work,0.0,O4,weekend
9,food_prep,7.24,O4,weekend
9,laundry,0.0,O4,weekend
9,tv,0.615,O4,weekend
9,eating,4.462,O4,weekend
9,exercise,2.656,O4,weekend
9,other,59.839,O4,weekend
10,sleeping,8.181,O4,weekend
10,work,1.305,O4,weekend
10,food_prep,13.769,O4,weekend
10,laundry,0.0,O4,weekend
10,tv,0.615,O4,weekend
10,eating,3.964,O4,weekend
10,exercise,1.692,O4,weekend
10,other,70.475,O4,weekend
11,sleeping,3.668,O4,weekend
11,work,4.659,O4,weekend
11,food_prep,6.89,O4,weekend
11,laundry,0.0,O4,weekend
11,tv,0.0,O4,weekend
11,eating,5.268,O4,weekend
11,exercise,7.109,O4,weekend
11,other,72.406,O4,weekend
12,sleeping,4.175,O4,weekend
12,work,2.021,O4,weekend
12,food_prep,5.501,O4,weekend
12,laundry,0.0,O4,weekend
12,tv,2.639,O4,weekend
12,eating,10.787,O4,weekend
12,exercise,12.944,O4,weekend
12,other,61.934,O4,weekend
13,sleeping,7.087,O4,weekend
13,work,2.639,O4,weekend
13,food_prep,6.323,O4,weekend
13,laundry,0.0,O4,weekend
13,tv,0.0,O4,weekend
13,eating,4.272,O4,weekend
13,exercise,3.908,O4,weekend
13,other,75.771,O4,weekend
14,sleeping,2.659,O4,weekend
14,work,1.806,O4,weekend
14,food_prep,6.795,O4,weekend
14,laundry,0.0,O4,weekend
14,tv,0.942,O4,weekend
14,eating,3.679,O4,weekend
14,exercise,1.016,O4,weekend
14,other,83.102,O4,weekend
15,sleeping,6.143,O4,weekend
15,work,4.445,O4,weekend
15,food_prep,4.493,O4,weekend
15,laundry,0.0,O4,weekend
15,tv,2.13,O4,weekend
15,eating,7.039,O4,weekend
15,exercise,3.166,O4,weekend
15,other,72.585,O4,weekend
16,sleeping,7.177,O4,weekend
16,work,3.943,O4,weekend
16,food_prep,2.037,O4,weekend
16,laundry,0.0,O4,weekend
16,tv,2.13,O4,weekend
16,eating,3.129,O4,weekend
16,exercise,2.657,O4,weekend
16,other,78.927,O4,weekend
17,sleeping,1.626,O4,weekend
17,work,0.0,O4,weekend
17,food_prep,2.037,O4,weekend
17,laundry,0.0,O4,weekend
17,tv,2.156,O4,weekend
17,eating,16.313,O4,weekend
17,exercise,3.186,O4,weekend
17,other,69.404,O4,weekend
18,sleeping,1.626,O4,weekend
18,work,0.529,O4,weekend
18,food_prep,0.615,O4,weekend
18,laundry,0.0,O4,weekend
18,tv,0.942,O4,weekend
18,eating,1.366,O4,weekend
18,exercise,0.507,O4,weekend
18,other,89.136,O4,weekend
19,sleeping,1.626,O4,weekend
19,work,0.0,O4,weekend
19,food_prep,4.612,O4,weekend
19,laundry,0.0,O4,weekend
19,tv,0.942,O4,weekend
19,eating,16.139,O4,weekend
19,exercise,0.0,O4,weekend
19,other,69.167,O4,weekend
20,sleeping,1.626,O4,weekend
20,work,0.0,O4,weekend
20,food_prep,0.0,O4,weekend
20,laundry,0.0,O4,weekend
20,tv,0.942,O4,weekend
20,eating,8.939,O4,weekend
20,exercise,2.119,O4,weekend
20,other,75.325,O4,weekend
21,sleeping,6.359,O4,weekend
21,work,0.0,O4,weekend
21,food_prep,0.0,O4,weekend
21,laundry,0.0,O4,weekend
21,tv,0.0,O4,weekend
21,eating,7.835,O4,weekend
21,exercise,0.0,O4,weekend
21,other,50.641,O4,weekend
22,sleeping,0.0,O4,weekend
22,work,0.0,O4,weekend
22,food_prep,0.0,O4,weekend
22,laundry,0.0,O4,weekend
22,tv,0.0,O4,weekend
22,eating,3.155,O4,weekend
22,exercise,0.0,O4,weekend
22,other,33.217,O4,weekend
23,sleeping,2.15,O4,weekend
23,work,0.0,O4,weekend
23,food_prep,0.0,O4,weekend
23,laundry,0.0,O4,weekend
23,tv,0.0,O4,weekend
23,eating,0.0,O4,weekend
23,exercise,0.0,O4,weekend
23,other,6.295,O4,weekend
